<?xml version="1.0" encoding="UTF-8"?>
<metadata xml:lang="en"><Esri><CreaDate>20120131</CreaDate><CreaTime>20161100</CreaTime><ArcGISFormat>1.0</ArcGISFormat><SyncOnce>TRUE</SyncOnce><DataProperties><itemProps><itemLocation><linkage Sync="TRUE">file://\\DJQ-PC\D$\Dropbox\dusp_viz\data\new_york\NY_Zip_Energy</linkage><protocol Sync="TRUE">Local Area Network</protocol></itemLocation></itemProps><copyHistory><copy source="E:\DATA\US\discrete_areas\NY\SpatialData\NY_Zip_Energy" dest="\\DJQ-PC\D$\Dropbox\dusp_viz\data\new_york\NY_Zip_Energy" date="20120131" time="20144900"></copy></copyHistory></DataProperties></Esri></metadata>
